agency,db_type,country_name,country,paid,registration_required,government_db,url,notes,blog_post,video_url
Regional Procurement Management Information System,Regional procurement registry,GLOBAL,GLOBAL,False,False,True,http://promis.comesa.int/,Available: calls for tenders and other procurement information for the COMESA region,,
National Registration Center,Business Registry,Albania,AL,False,False,True,http://www.qkr.gov.al/nrc/Kerko_Per_Subjekt.aspx,"Available: historic company extract, current company extract, some original documents",,
Tirana Stock Exchange,Business Registry,Albania,AL,False,False,False,http://www.tse.com.al/?fq=brenda&m=shfaqart&gj=gj2&aid=42,Information on specific securities not available for search.,,
Albanian Financial Supervisory Authority,Regulatory Agency,Albania,AL,False,False,True,https://amf.gov.al/tletrave.asp?id=2,,,
La Commission d'Organisation et de Surveillance des Opérations de Bourse (COSOB),Regulatory Agency,Algeria,DZ,False,False,True,http://www.cosob.org/les-emetteurs-societes-cotees.htm,,,
Centre National du Registre du Commerce,Business Registry,Algeria,DZ,False,False,True,http://www.cnrc.org.dz/fr/contact/,"Search is not available, but some information about the companies is available on request.",,
Kompass,Business Registry,Algeria,DZ,False,False,False,http://dz.kompass.com/en,,,
Dun & Bradstreet,Business Registry,GLOBAL,GLOBAL,True,True,False,http://www.dnb.com/,,,
Lexis-Nexis,Business Registry,GLOBAL,GLOBAL,True,True,False,http://www.lexisnexis.com/en-us/home.page,,,
European Business Registry,Business Registry,GLOBAL,GLOBAL,True,True,True,http://www.ebr.org/,,,
NYSE Euronext,Business Registry,GLOBAL,GLOBAL,False,False,False,https://europeanequities.nyx.com/en/members/member-list,Provides European equities market listings,,
Registro Nacional,Business Registry,GLOBAL,GLOBAL,False,False,False,http://registronacional.com/,"Original documents and company filings are not available, but it is a good resource for the institutions that might have different kinds of information in Latin America (cars, realestate, businesses etc.)",,
Doing Business,Business Registry,GLOBAL,GLOBAL,False,False,False,http://www.doingbusiness.org/,Describes and presents in a comprehensive way business regulation environments across economies ,,
Government of Angola,Business Registry,Angola,AO,False,False,True,http://www.governo.gov.ao/,"Government agencies, ministries and their jurisdiction",,
National Securities Commission,Business Registry,Argentina,AR,False,False,True,http://www.cnv.gob.ar/InfoFinan/BuscoSociedades.asp?TamanioSocID=0&Lang=1,,,
Buenos Aires Stock Exchange,Business Registry,Argentina,AR,False,False,True,http://www.bolsar.com/VistasDL/PaginaPrincipal.aspx,Offers quite detailed company information,,
Central Bank of Armenia,Business Registry,Armenia,AM,False,False,True,https://www.cba.am/am/SitePages/Default.aspx,Financial reports of traded companies. Information available only in Armenian.,,
NasdayOmx,Business Registry,Armenia,AM,False,False,False,http://www.nasdaqomx.am/en/issuer_reports.htm,Reports of traded companies. Information available only in Armenian.,,
Aruba Chamber of Commerce,Business Registry,Aruba,AW,False,False,True,http://www.arubachamber.com/,"Search is free of charge, but docuements are available for purchase",,
Australian Securities and Investments Commission,Regulatory Agency,Australia,AU,False,True,True,https://asicconnect.asic.gov.au/public/faces/landingPage?_afrLoop=2898181417933000&_afrWindowMode=0&_adf.ctrl-state=ehlqp78e9_4,,,
Australian Business Register,Business Registry,Australia,AU,False,False,True,http://www.abr.business.gov.au/Index.aspx,,,
Firmen ABC,Commercial Register,Austria,AT,True,True,False,http://www.firmenabc.at/,"Available: company registration number, UID number, names of representatives, date of incorporation, sales, number of employees",,
Vienna Stock Exchange,Business Registry,Austria,AT,False,False,True,http://en.wienerborse.at/investors/listedcompanies/,"Available: company registration number, UID number, names of representatives, date of incorporation, sales, number of employees ",,
Jusline,Business Registry,Austria,AT,True,True,True,http://www.jusline.at/,"Business registry, Land registry, Legal tools resource and a lot of other information is available for purchase",,
National Depository System,Regulatory Agency,Azerbaijan,AZ,False,False,True,http://mdm.az/index.php?r=1&lang=en,A lot of information is only available in Azeri,,
Central Bank of Bahrain,Regulatory Agency,Kingdom of Bahrain,BH,False,False,True,http://www.cbb.gov.bh/page.php?p=cbb_register,A list of licensed financial institutions (and companies) in Bahrain,,
Bahrain Stock Exchange,Business Registry,Kingdom of Bahrain,BH,False,False,True,http://www.bahrainbourse.net/bhb/default.asp?language=en,Available: financial reports of listed companies,,
Ministry of Industry and Commerce,Business Registry,Kingdom of Bahrain,BH,False,False,True,http://www.moic2.gov.bh/eInvestor.Web/Web.UI.Pages/Online/Inquiry/Inquiry.aspx?inq=1,,,
Ministry of Justice of the Republic of Belarus,Business Registry,Republic of Belarus,BY,False,True,True,http://egr.gov.by/egr/,Available: legislation and specific companies information. Available only in Belarusian/Russian ,,
Belarusian Currency and Stock Exchange,Business Registry,Republic of Belarus,BY,False,False,True,http://www.bcse.by/,,,
Banque-Carrefour des Entreprises,Business Registry,Belgium,BE,False,False,True,http://kbopub.economie.fgov.be/kbopub/zoekwoordenform.html?lang=fr,"Available: Company's Number, Incorporation date, Public name, Address of Headquarters, Contact information, Company type, ",,
Financial Services and Markets Authority,Regulatory Agency,Belgium,BE,False,False,True,http://stori.fsma.be/Pages/Search.aspx?PageID=d393a9bc-82b0-40ad-b8d2-6a89f70e46fe,Available: list of issuers,,
B-information,Commercial Register,Belgium,BE,True,True,False,http://www.eurodb.be/scriptsPublic/arianeweb.dll/e/m_mkt_rech,"Available for purchase: extended legal file, credit report, annual accounts",,
Service Public Fédéral Justice,Business Registry,Belgium,BE,False,False,True,http://www.ejustice.just.fgov.be/tsv/tsvf.htm,"Available: for some companies there are images of documents available. For example: announcements of changes in the structure of the company, addresses, key personnel etc.",,
International Business Companies Registry,Business Registry,Belize,BZ,True,False,True,http://www.ibcbelize.com/,No online data available. Limited company information is available at written request.,,
Benin Chamber of Commerce,Business Registry,Benin,BJ,False,False,True,http://www.ccibenin.org/index.php?option=com_docman&task=search_form&Itemid=138,Available: business regulation and some company information at request,,
Bermuda Stock Exchange,Business Registry,Bermuda,BM,False,False,True,http://www.bsx.com/Comp-All.asp,Available: a list of all issued securities,,
Bermuda Registrar of Companies,Business Registry,Bermuda,BM,True,True,True,https://www.roc.gov.bm/roc/rocweb.nsf/roc?OpenFrameSet,Available: search and company records at request,,
Ministry of Economic Affairs,Business Registry,Bhutan,BT,False,False,True,http://www.moea.gov.bt/content/index.php,No online data available.,,
Commercial Registry of Bolivia,Business Registry,Bolivia,BO,False,False,True,http://www.fundempresa.org.bo/,No online data available.,,
Registry of Securities of the Federation BiH,Business Registry,Bosnia and Herzegovina,BA,False,False,True,http://www.rvp.ba/english/Section2/SubSection1/Default.aspx,Available: a list of shareholders of all publicaly traded companies,,
Securities Commission of Republika Srpska,Business Registry,Bosnia and Herzegovina,BA,False,False,True,http://www.crhovrs.org/index.php?option=com_lqm&task=showPane&application=1&query=1&Itemid=23&lang=en,Available: a list of shareholders of all publicaly traded companies,,
Banja Luka Stock Exchange,Business Registry,Bosnia and Herzegovina,BA,False,False,True,http://www.blberza.com/Pages/Default.aspx,Available: financial reports of issuers,,
Sarajevo Stock Exchange,Business Registry,Bosnia and Herzegovina,BA,False,False,True,http://195.222.43.81/sase-final/,Available: financial reports of issuers,,
Registers of Business Entities,Business Registry,Bosnia and Herzegovina,BA,False,False,True,"http://bizreg.pravosudje.ba/pls/apex/f?p=186:20:3456335640372414::NO::P20_SEKCIJA_TIP,P20_POMOC:PRETRAGA,FALSE","Available: registry of companies from Federation of Bosnia and Herzegovina, Republic of Srpska and Brcko District",,
Ministry of Trade and Industry,Business Registry,Botswana,BW,False,False,True,http://www.mtinamesearch.gov.bw/search/,"Available for search: companies, trademarks, business names",,
La Maison De L'Enterprise,Business Registry,Burkina Faso,BF,False,False,True,http://www.me.bf/templates/fichiers/page-recherche-fr.php,,,
Chamber of Commerce and Industry of Burkina Faso,Business Registry,Burkina Faso,BF,False,False,True,http://www.cci.bf/?q=en/entreprise,Available: only basic company information,,
BM&FBOVESPA,Commercial Register,Brazil,BR,False,False,False,http://www.bmfbovespa.com.br/cias-listadas/empresas-listadas/BuscaEmpresaListada.aspx?Idioma=en-us,Available: a list of foreign investors,,
Chamber of Commerce and Industry,Business Registry,Burundi,BI,False,False,True,http://www.cfcib.org/,No online search available,,
British Columbia Registry Services,Business Registry,Canada,CA,True,False,True,http://www.bcregistryservices.gov.bc.ca/bcreg/corppg/crsearch.page?,Online search not available,,
British Columbia Securities Comisseion,Business Registry,Canada,CA,False,False,True,http://www.bcsc.bc.ca/reportingIssuers.aspx,Available: all financial reports of issuers.,,
Bulgarian Stock Exchange,Business Registry,Bulgaria,BG,False,False,True,http://www.bse-sofia.bg/?page=FinancialReportsOfIssuers,Available: all financial reports of issuers.,,
Daksi,Commercial Register,Bulgaria,BG,True,True,False,http://www.daxy.com/cgi-bin/page.py?ind=news,Available only in Bulgarian,,
Ciela Norma,Commercial Register,Bulgaria,BG,True,True,False,http://www.ciela.net/products.aspx?lang=en&prodID=22,Available: active legislation in Bulgaria and government gazette,,
Ministry of Industry and Commerce,Business Registry,Burkina Faso,BF,False,False,True,http://www.commerce.gov.bf/,Available: limited information on companies is available at request,,
Amchamcam,Commercial Register,Cameroon,CM,False,False,False,http://www.amchamcam.org/,"No search is available, but it is a good point of contact for research about foreign businesses in Cameroon",,
"Ministry of Industry, Mining and Crafts ",Business Registry,Cameroon,CM,False,False,True,http://www.ccima.net/annuaire_fr.php,Some information available at request,,
Canadian Securities Regulators,Business Registry,Canada,CA,False,False,True,http://www.sedar.com/homepage_en.htm,Available: public securities documents,,
The Montreal Exchange,Business Registry,Canada,CA,False,False,True,http://www.tmx.com/en/index.html,Available: reports for all the listed companies,,
Corporate Affairs Registry,Business Registry,Canada,CA,False,False,True,https://www.pxw2.snb.ca/card_online/cardsearch.aspx,Available: basic information on companies from New Brunswick,,
Registry of Joint Stock Companies,Business Registry,Canada,CA,False,False,True,http://www.gov.ns.ca/snsmr/access/business/registry-joint-stock-companies.asp,Available: basic information for companies in Nova Scotia,,
Prince Edward Island Government,Business Registry,Canada,CA,False,False,True,http://www.gov.pe.ca/corporations/index.php,Available: basic information on companies from Prince Edward Island,,
Registry of Enterprises in Québec ,Business Registry,Canada,CA,True,False,True,http://www.registreentreprises.gouv.qc.ca/en/consulter/rechercher/instructions_recherche.aspx,Available: basic information on companies from Québec ,,
Information Services Corp. of Saskatchewan,Business Registry,Canada,CA,True,True,True,https://apps.isc.ca/CobraWeb/CobraLogin.asp,,,
Industry Canada,Business Registry,Canada,CA,False,False,True,https://www.ic.gc.ca/app/scr/cc/CorporationsCanada/fdrlCrpSrch.html?locale=en_CA,Database of federal corporations,,
Cayman Islands General Registry,Business Registry,Cayman Islands,KY,True,True,True,"http://www.ciregistry.gov.ky/portal/page?_pageid=3521,6697230&_dad=portal&_schema=PORTAL",Search and basic company information only available for registered users,,
Cayman Islands Stock Exchange,Business Registry,Cayman Islands,KY,False,False,True,http://www.csx.com.ky/,Available: list of issuing companies (with links to their websites),,
Cayman Islands Monetary Authority,Business Registry,Cayman Islands,KY,False,False,True,http://www.cimoney.com.ky/search/searchforentity.aspx,Available: a list of all licenced entities,,
Commercial Registry of Santiago,Business Registry,Chile,CL,False,False,True,http://www.cbrsantiago.cl/portal/general/busquedaInscripcion.do?metodo=init,Available: basic company information and some publication of changes,,
Chilean Securities and Insurance Supervisor,Business Registry,Chile,CL,False,False,True,http://www.svs.cl/sitio/english/mercados/valores.php,Available: basic information and financial reports of issuers,,
Stock Exchange of Chile,Business Registry,Chile,CL,False,False,True,http://www.bolchile.cl/en/ListadoAcciones?mostrar=ALFABETICO&menu=EST_LISTEMP,Available: a list of traded companies with basic info and reports for some,,
Official Gazette of the Republic of Chile,Business Registry,Chile,CL,False,False,True,http://www.diariooficial.interior.gob.cl/,,,
Shenzhen Stock Exchange,Business Registry,China,CN,False,False,True,http://www.szse.cn/main/en/marketdata/stockquotes/,Available: search by code; historical data on company,,
State Administration for Industry and Commerce,Business Registry,China,CN,False,False,True,http://english.wzj.saic.gov.cn/gfr/ybxz.html,A list of authorities and company regulators. Some information about foreign invested companies might be available at request.,,
Bolsa de Valores de Colombia,Business Registry,Colombia,CO,False,False,False,http://www.bvc.com.co/pps/tibco/portalbvc/Home/Empresas/Listado+de+Emisores?action=dummy,Available: a database of all listed companies with basic information and reports for some of them,,
Chamber of Commerce of Colombia,Business Registry,Colombia,CO,False,False,True,http://aplica.ccb.org.co/ccbconsultas/consultas/RUE/consulta_empresa.aspx,Available: comapny search by number and name,,
Unique commercial register of the Chamber of Commerce,Business Registry,Colombia,CO,False,False,True,http://www.rues.org.co/Rues_Web/consultas/,Available: comapny search by number and name,,
Congo Statistics Agency,Business Registry,Congo,CG,False,False,True,http://www.cnsee.org/,,,
Ministry of Justice Business Registry,Business Registry,Croatia,HR,False,False,True,https://sudreg.pravosudje.hr/registar/f?p=150:1,"Available: search by number and by name, with detailed company information.",,
Chamber of Commerce Company Registry,Business Registry,Croatia,HR,False,False,True,http://www1.biznet.hr/HgkWeb/do/language?lang=en_GB,"Available: search by number and by name, with detailed company information.",,
Croatian Export Directory,Business Registry,Croatia,HR,False,False,True,http://www2.hgk.hr/izvoznici/index.asp?mbr=&lang=en,"Search by name, primary activity, customs tariff (type of pruduct), type of services; Available: contact information, contact person, business activities, primary business activities, size, ownership structure, origin of capital, ",,
Croatian Financial Services Supervisory Agency,Business Registry,Croatia,HR,False,False,True,http://www.hanfa.hr/en/mainpage.html,"Available: Issuers list, Participants list, Corporate Actions, Ticker and ISIN, Securities overview, Statistics",,
The Zagreb Stock Exchange,Business Registry,Croatia,HR,False,False,True,http://www.zse.hr/default.aspx?id=26484,"Available: all listed bonds, shares, issuers and their reports",,
Department of Registrar of Companies and Official Receiver,Business Registry,Cyprus,CY,True,True,True,https://efiling.drcor.mcit.gov.cy/DrcorPublic/Error.aspx?code=b0&lang=EN,"Available: search by company name and number, provides detailed historical company information. Internet Explorer needed",,
Ministry of Justice Official Registry,Business Registry,Czech Republic,CZ,False,False,True,http://portal.justice.cz/Justice2/uvod/uvod.aspx,"Seacrh by company name, by personal name; Available: detailed historical company information and original documents",,
Czech National Bank,Business Registry,Czech Republic,CZ,False,False,True,https://oam.cnb.cz/sipresextdad/SIPRESWEB.WEB21.START_INPUT_OAM?p_lang=en,Available: a list of all issuers with historical information,,
Prague Stock Exchange,Business Registry,Czech Republic,CZ,False,False,True,http://www.pse.cz/Members.aspx,Available: exchange members list,,
Firmy.cz,Business Registry,Czech Republic,CZ,False,False,False,http://www.firmy.cz/,Available: basic company information and links to websites,,
Ministry of Finance Business Registry,Business Registry,Czech Republic,CZ,False,False,True,http://wwwinfo.mfcr.cz/ares/ares_es.html.cz,"Available: basic company information, scope of business, capital, statutory authority, shareholders, reports",,
Kurzy.cz,Commercial Register,Czech Republic,CZ,False,False,False,http://rejstrik-firem.kurzy.cz/,Available: search by personal and business name with basic information in results,,
BIQ,Commercial Register,Denmark,DK,True,True,False,http://www.biq.dk/search/advanced/company,Available: search by personal and company name with detailed results,,
Ministry of Business and Growth - FSA,Business Registry,Denmark,DK,False,False,True,http://www.dfsa.dk/en/Tal-og-fakta/Virksomheder-under-tilsyn/VUT-database.aspx,,,
Central Business Registry - CVK,Business Registry,Denmark,DK,False,True,True,http://www.cvr.dk/Site/Forms/CMS/DisplayPage.aspx?pageid=21,Available: search by personal and company name with detailed results,,
Ministry of Industry and Commerce,Business Registry,Dominican Republic,DO ,False,False,True,http://www.camarasantodomingo.org.do/red-empresarial/busqueda/,Available: search by company name or number with basic results,,
Ministry of Industry and Commerce - ONAPI,Business Registry,Dominican Republic,DO ,False,False,True,http://onapi.gob.do/,Some information can be obtained by mailing a request directly to the Office of Free Access to Information,,
Guichet Unique de Création d'Entreprise,Business Registry,Democratic Republic of the Congo,CD,False,False,True,http://www.mincommerce.cd/guichet-unique/,"No online search is available yet, but it is a good point to start researching, especially foreign investments",,
Ministry of Mining,Business Registry,Democratic Republic of the Congo,CD,False,False,True,http://mines-rdc.cd/fr/,Available: detailed overview of legislation and statistics. More information could be avialable at request,,
Superintendencia de Compañías Ecuador,Business Registry,Ecuador,EC,False,True,True,https://www.supercias.gov.ec/Web/privado/seguridad/htm/servicios%20personalizados.htm,Available only to subscribers,,
The Egiptian Exchange,Business Registry,Egypt,EG,False,False,True,http://www.egx.com.eg/English/ListedStocks.aspx,"A whole listing of stocks, bonds and mutual funds",,
Central Clearing Depository and Registry,Business Registry,Egypt,EG,False,False,True,http://www.mcsd.com.eg/mcdr/english/company.aspx?kindid=5,A whole listing of issuers,,
Centre of Registers and Information Systems,Business Registry,Estonia,EE,True,True,True,http://www.rik.ee/en/e-business-register,Available: detailed company information,,
Business Information System,Business Registry,Finland,FI,True,True,True,http://www.ytj.fi/english/,Available: detailed company information,,
Asiakastieto.fi,Commercial Register,Finland,FI,True,True,False,http://www.asiakastieto.fi/en/web/guest,Available: due diligence information on companies,,
Registry of Commerce and Companies,Business Registry,France,FR,True,False,True,https://www.infogreffe.fr/societes/,"Available: detailed company information and search by company name, number or director's name",,
Financial Markets Authority,Business Registry,France,FR,False,False,True,http://www.amf-france.org/en_US/Recherche-avancee.html?formId=BDIF,Available: financial records of traded companies,,
Paris Court Registry,Business Registry,France,FR,False,False,True,http://www.greffe-tc-paris.fr/fr/,Available: search for companies and directors in Paris,,
Societe.com,Commercial Register,France,FR,False,True,False,http://www.societe.com/,Available: purchase of financial and other records of French companies,,
Ministry of Economy and Finance - Cadastre,Business Registry,France,FR,False,False,True,http://www.cadastre.gouv.fr/scpc/changeLangue.do?lang=en&cty=EN,"Available: land registry information for France, Martinique, Guadeloupe, Guyane, Réunion ",,
Revenue,Business Registry,Georgia,GE,False,True,True,https://www.revenue.mof.ge/rtos/auto_login.aspx,Available only in Georgian,,
Georgian Stock Exchange,Business Registry,Georgia,GE,False,False,True,http://www.gse.ge/Stocks/Issues.htm,"Available in English and Georgian, offers information and reports of issuers",,
Business Registry,Business Registry,Georgia,GE,False,False,True,https://enreg.reestri.gov.ge/main.php,"Available: search for enterpreneurs, limited companies and nonprofits. Only in Georgian",,
Electronic Governmental Resources,Business Registry,Georgia,GE,False,False,True,http://e-government.ge/index.php?lang=4&id=-1&p=start&page=1,"Available: cadastral data, company status, birth and death certificates, other citizen affairs related documents",,
Company Register,Business Registry,Germany,DE,True,False,True,https://www.unternehmensregister.de/ureg/?submitaction=language&language=en,Available: detailed company information with original documents for some,,
Federal Financial Supervisory Authority,Regulatory Agency,Germany,DE,False,False,True,https://portal.mvp.bafin.de/database/InstInfo/,Available: search of listed companies and reports. Only available in German,,
Hamburg-Hannover Stock Exchange,Business Registry,Germany,DE,False,False,True,http://kurse.boersenag.de/anleihen/emittenten,Available: list and basic information of all issuers,,
Düsseldorf Stock Exchange,Business Registry,Germany,DE,False,False,True,http://www.boerse-duesseldorf.de/home,Available: list and basic information of all issuers,,
Hamburg Stock Exchange,Business Registry,Germany,DE,False,False,True,http://www.hamburger-boerse.de/en/,Available: list and basic information of all issuers,,
The Association of German Chambers of Commerce and Industry,Business Registry,Germany,DE,False,False,True,http://www.dihk.de/ihk-finder,Available: a list of all German Chambers of Commerc and their authority,,
Securities and Exchange Commission,Business Registry,Ghana,GH,False,False,True,http://www.secghana.org/investor/index.asp,Available: list of all licenced financial market operators,,
Registrar General's Department,Business Registry,Ghana,GH,False,False,True,http://www.rgd.gov.gh/en/customer-service/online-registration.php,No online search is available yet.,,
Energy Comission,Business Registry,Ghana,GH,False,False,True,http://energycom.gov.gh/,Available: information on the resources market and legislation,,
Ghana Stock Exchange,Business Registry,Ghana,GH,False,False,True,http://www.gse.com.gh/,Available: basic information on all listed companies and some reports,,
Gibraltar Chamber of Commerce,Business Registry,Gibraltar,GI,False,False,True,http://www.gibraltarchamberofcommerce.com/members-directory/,Available: comapny name,,
Companies Houses,Business Registry,Gibraltar,GI,True,False,True,http://www.companieshouse.gi/,Available: detailed company information can be obtained by submiting a search request form,,
SEC,Regulatory Agency,Greece,GR,False,False,True,http://www.hcmc.gr/pages/epeypar.asp?catId=107,Available: a list of companies,,
Official Gazette,Business Registry,Greece,GR,False,False,True,http://www.et.gr/,Available: changes that occur in companies. Only available in Greek,,
Athens Stock Exchange,Business Registry,Greece,GR,False,False,True,http://www.ase.gr/content/en/Companies/ListedCo/Profiles/,Available: a list of issuers with basic information,,
Guernsey Registry,Business Registry,Guernsey,GG,True,False,True,https://www.greg.gg/webCompSearch.aspx,Available: basic company information; Available for purchase: more detailed company information,,
Registro Mercantil,Business Registry,Honduras,HN,False,False,True,http://www.ccichonduras.org/index.php/registro-mercantil,No data available online,,
Integratemd Companies Registry Information System,Business Registry,Hong Kong,HK,True,False,True,http://www.icris.cr.gov.hk/csci/,"Available: image record (including document index), company particular search, directors index search (company based), register of charges, director particular search etc. ",,
Securities Commission,Business Registry,Hong Kong,HK,False,False,True,http://www.sfc.hk/publicregWeb?locale=en,,,
Hong Kong Stock Exchange,Business Registry,Hong Kong,HK,False,False,True,http://www.hkex.com.hk/eng/market/sec_tradinfo/englishstk.htm,Available: basic information on issuers,,
Ministry of Justice,Business Registry,Hungary,HU,False,False,True,http://e-beszamolo.kim.gov.hu/,Available: filed company reports,,
Budapest Stock Exchange,Business Registry,Hungary,HU,False,False,True,http://bse.hu/topmenu/members/listofmembers,Available: list of issuers and basic company information,,
Directorate of Internal Revenue,Business Registry,Iceland,IS,False,False,True,http://www.rsk.is/fyrirtaekjaskra,Available: basic company information and a list of all filed documents,,
The Financial Supervisory Authority,Business Registry,Iceland,IS,False,False,True,http://www.fme.is/?PageID=722,Available: a list of all authorised financial institutions and companies,,
Statistics Iceland,Business Registry,Iceland,IS,False,False,True,http://www.statice.is/Statistics/Enterprises-and-turnover/Enterprises,Available: statistical data on companies registered,,
Ministry of Corporate Affairs,Business Registry,India,IN,False,False,True,http://www.mca.gov.in/DCAPortalWeb/dca/MyMCALogin.do?method=setDefaultProperty&mode=12,Available: search by company name or number and basic company information,,
Securities and Exchange Board of India,Business Registry,India,IN,False,False,True,http://www.sebi.gov.in/sebiweb/,Available: list of issuers and basic company information,,
National Stock Exchange of India,Business Registry,India,IN,False,False,True,http://www.nseindia.com/,Available: list of issuers and reports for some companies,,
Bombai Stock Exchange,Business Registry,India,IN,False,False,True,http://www.bseindia.com/,Available: list of issuers and reports for some companies,,
Indonesia Stock Exchange,Business Registry,Indonesia,ID,False,False,True,http://www.idx.co.id/Home/ListedCompanies/CompanyProfile/tabid/89/language/en-US/Default.aspx,Available: list of issuers and reports for some companies,,
Industrial Comany Directory,Business Registry,Indonesia,ID,False,False,True,http://kemenperin.go.id/direktori-perusahaan,,,
Ministry of Trade,Business Registry,Indonesia,ID,False,False,True,http://www.kemendag.go.id/en/perdagangan-kita/company-directory/data-center-collection/,Available: basic company information,,
Teheran Stock Exchange,Business Registry,Iran,IR,False,False,True,http://en.tsetmc.com/Loader.aspx?ParTree=121C1417,Available: basic information for all listed companies and reports for some,,
SEBA,Business Registry,Iran,IR,False,False,True,http://www.seba.ir/,Available only in Persian,,
Iranian Official Journal,Business Registry,Iran,IR,False,False,True,http://www.gazette.ir/Archive/Index.asp,Available only in Persian,,
Companies Registration Office,Business Registry,Ireland,IE,False,False,True,http://www.cro.ie/search/CompanySearch.aspx,,,
Jersey Financial Services Comission,Business Registry,Jersey,UK,True,False,True,https://www.jerseyfsc.org/registry/documentsearch/,Available: detailed company information,,
Department of Economic Development,Business Registry,Isle of Man,IM,True,False,True,http://www.gov.im/ded/pvi/pvi_fr.html,Available: detailed company information,,
Israel Securities Authority,Business Registry,Israel,IL,False,False,True,http://www.isa.gov.il/Default.aspx?Site=ENGLISH&id=-17,Available: list of issuers with basic company information,,
Chamber of Commerce Registry,Business Registry,Italy,IT,True,False,True,http://www.registroimprese.it/ ,Available: detailed company information,,
CONSOB,Business Registry,Italy,IT,False,False,True,http://www.consob.it/mainen/issuers/listed_companies/index.html,Available: detailed information about all listed companies,,
Borsa Italiana,Business Registry,Italy,IT,False,False,True,http://www.borsaitaliana.it/borsa/azioni/documenti/societa-quotate/documenti.html?lang=en,Available: detailed information about all listed companies,,
Ministry of Justice Registry,Business Registry,Japan,JP,False,False,True,http://www1.touki.or.jp/gateway.html,Available only in Japanese,,
Osaka Securities Exchange,Business Registry,Japan,JP,False,False,True,http://www.ose.or.jp/e/,Available: all listed companies and basic information,,
Nagoya Stock Exchange,Business Registry,Japan,JP,False,False,True,http://www.nse.or.jp/e/index.html,Available: all listed companies and basic information,,
Tokyo Stock Exchange,Business Registry,Japan,JP,False,False,True,http://www.tse.or.jp/english/,Available: all listed companies and basic information,,
Companies Control Department,Business Registry,Jordan,JO,False,False,True,http://www.ccd.gov.jo:7777/ccd_gov_jo_2/CompanyInquiry/companyByNameAction_reset.do,Available: search by name and basic company information,,
Jordan Stock Exchange,Business Registry,Jordan,JO,False,False,True,http://www.exchange.jo/en/equities,Available: list of issuers with basic company information,,
Public Services and Information Online,Business Registry,Kazakhstan,KZ,False,False,True,http://egov.kz/wps/portal/!ut/p/b1/04_SjzQ0tTQ0NTAwNbDQj9CPykssy0xPLMnMz0vMAfGjzOL9PQzd3E0tjQ0MnP0NDDwdA4zd_DxNgFwDoIJIoAIDHMDRgJD-cP0oVCX-LhauBp4WpsZ-bj4eRgbeRlAFeKzw88jPTdXPjcqx9NR1VAQAmFGErg!!/dl4/d5/L0lDUmlTUSEhL3dHa0FKRnNBLzRKVXFDQSEhL2Vu/,Some company information available,,
Office of the Registrar of Companies,Business Registry,Jamaica,JM,True,False,True,https://www.orcjamaica.com/search/viewdocuments.asp,Available: company search and original documents,,
Ministry of Justice,Business Registry,Kazakhstan,KZ,False,False,True,http://www.adilet.gov.kz/en/baza_zt,Available: database of registered companies. Full available in Russian and Kazakh,,
Kazakhstan Stock Exchange,Business Registry,Kazakhstan,KZ,False,False,True,http://www.kase.kz/en/emitters,Available: list of issuers with basic company information,,
Kyrgyz Stock Exchange,Business Registry,Kyrgyzstan,KG,False,False,True,http://www.kse.kg/en/PublicInfo/Page:3,Available: list of issuers with basic company information,,
Lursoft,Business Registry,Latvia,LV,True,False,True,http://www.lursoft.lv/database_of_all_companies_registered_in_Latvia.html,Available: detailed company information,,
Land and Trade Registry,Business Registry,Liechtenstein,LI,True,False,True,http://www.oera.li/hrweb/eng/firmensuche.htm,Available: detailed company information,,
Centre of Registers,Business Registry,Lithuania,LT,False,False,True,http://www.registrucentras.lt/jar_p_en/,Available: detailed company information,,
Registre de Commerce et des Sociétés,Business Registry,Luxembourg,LU,True,True,True,https://www.rcsl.lu/login/TAMLoginServlet?TAM_OP=cert_login&USERNAME=unauthenticated&ERROR_CODE=0x00000000&ERROR_TEXT=Successful%20completion&METHOD=GET&URL=/mjrcs/LoginServlet&HOSTNAME=www.rcsl.lu&AUTHNLEVEL=&FAILREASON=&PROTOCOL=https,Available: detailed company information,,
Commission for Surveilance of Financial Sector,Business Registry,Luxembourg,LU,False,False,True,http://www.cssf.lu/en/supervised-entities/,Available: listo of supervised entities,,
Macedonian Central Registry,Business Registry,Macedonia (FYROM),MK,False,False,True,http://www.crm.com.mk/DS/,Available: several registries at the same site. Available only in Macedonian,,
Registry of Securities,Business Registry,Macedonia (FYROM),MK,False,False,True,http://www.sec.gov.mk/default.aspx?item=rassociations&subitem=rassociationsmain,Avalable: list of all issued securities and reports including companies with special reporting obligations,,
Macedonian Stock Exchange,Business Registry,Macedonia (FYROM),MK,False,False,True,http://www.mse.mk/en/,Available: listo of issuers and their reports,,
Government Printing Bureau,Business Registry,Macau,MO,False,False,True,http://en.io.gov.mo/Search/Default.aspx?t=C,Available: company search and basic company information,,
Companies Commission of Malaysia,Business Registry,Malaysia,MY,False,True,True,https://www.ssm-einfo.my/,Available: company search and basic company information,,
Securities Commission Malaysia,Business Registry,Malaysia,MY,False,False,True,http://www.sc.com.my/sub.asp?menuid=242,"AvailaAvailable: list of Shariah compliant securities, unit trust funds in Malaysia, list of unit trust funds etc.",,
Malta Financial Services Authority,Business Registry,Malta,MT,False,False,True,http://rocsupport.mfsa.com.mt/pages/SearchCompanyInformation.aspx,"Available: Company name, ID number, address, location",,
Marshal Islands Martime & Corporate Administrators,Business Registry,Marshall Islands,MH,False,False,True,http://www.register-iri.com/miCorporate/index.cfm/Corporate/search,Available: Search by name or number and basic company information,,
Ministry of Finance and Economic Development,Business Registry,Mauritius,MU,False,False,True,http://www.register-iri.com/miCorporate/index.cfm/Corporate/search,Available: search by name and basic company information,,
Secretariat of Economy,Business Registry,Mexico,MX,False,False,True,http://www.siger.gob.mx/,Available: list of all state and municipal commercial registries which do not provide online searches,,
Mexico Stock Exchange,Business Registry,Mexico,MX,False,False,True,http://www.bmv.com.mx/,Available: list of all issuers and basic company information,,
Monaco Government,Business Registry,Monaco,MC,False,False,True,http://www.rci.gouv.mc/,Available: search by name and basic company information,,
Ministry of Finance,Business Registry,Montenegro,ME,False,False,True,http://www.crps.me/index.php/me/pretraga-registra,Available: detailed company information,,
Central Depository Agency,Business Registry,Montenegro,ME,False,False,True,http://www.cda.me/EN/Pages/Naslovna.aspx,"Available: ID number, name, address, symbol, ISIN, number of shareholders, number of shares",,
Securities Commission,Business Registry,Montenegro,ME,False,False,True,http://www.scmn.me//index.php,Available: financial reports of traded companies,,
Montenegro Stock Exchange,Business Registry,Montenegro,ME,False,False,True,http://www.montenegroberza.com/code/navigate.asp?Id=87,Available: financial reports of traded companies,,
Realestate Administration Agency,Land Registry,Montenegro,ME,False,False,True,http://www.nekretnine.co.me/me/Katastarski_podaci.asp,"Available: search only by Unique Personal ID gives all the land property registered in someone's name, its size and any other available details",,
directinfo.ma,Business Registry,Morocco,MA,False,False,True,http://www.directinfo.ma/,Available: search by name and basic company information,,
Conseil Déontologique des Valeurs Mobilières,Business Registry,Morocco,MA,False,False,True,http://www.cdvm.gov.ma/,Available: list of issuers with basic company information,,
Kamer van Koophandel,Business Registry,Netherlands,NL,True,True,True,https://www.kvk.nl/handelsregister/zoekenframeset.asp?url=https://server.db.kvk.nl/wwwsrvu/html/zoek.htm,Available: detailed company information and original documents,,
Open KvK,Business Registry,Netherlands,NL,False,False,True,http://www.openkvk.nl/,"Available: short information about company name, personal name, or list of companies at a certain address",,
Chamber of Commerce and Industry,Business Registry,Curaçao ,CW,False,False,True,http://www.curacao-chamber.cw/services/registry/search-company,Available: basic company information. More detailed information is avalable at request,,
Companies Office,Business Registry,New Zealand,NZ,False,False,True,http://www.business.govt.nz/companies/app/ui/pages/companies/search,Available: detailed company information,,
New Zealand Stock Exchange,Business Registry,New Zealand,NZ,False,False,True,https://www.nzx.com/markets/NZSX,Available: list of all issuers and company reports,,
Corporate Affairs Commission,Business Registry,Nigeria,NG,False,False,True,http://cacnigeria.org/jm/,Online search is not availablw,,
Securities and Exchange Commission,Business Registry,Nigeria,NG,False,False,True,http://www.sec.gov.ng/,Available: regulation of market and statistics,,
Companies Office,Business Registry,Niue,NU,False,False,True,http://www.companies.gov.nu/cms/search-the-register/register-search/banner_template/CNAME,Available: company search and basic company information,,
Brønnøysund Register Centre,Business Registry,Norway,False,False,True,True,https://w2.brreg.no/enhet/sok/,Available: company search and basic company information,,
proff.no,Commercial Register,Norway,False,True,True,False,http://www.proff.no/,"Available: map of connections and relations between company board members, managing directors and stock owners etc.",,
Brennpunkt,Business Registry,Norway,False,False,False,False,http://www.nrk.no/maktbasen/index.php?lang=en,Available: information on current local and national politicians in Norway,,
Infoland.no,Commercial Register,Norway,False,True,True,False,https://www.infoland.no/portal/infoland/,"Available: cadastral, company, due dilligence and other information",,
Ministry of Commerce and Industry,Business Registry,Oman,OM,False,False,True,https://www.business.gov.om/wps/portal/pes/services/searchcommercialname/!ut/p/c5/,Available: search by name and basic company information,,
Securities and Exchange Commission of Pakistan,Business Registry,Pakistan,PK,False,False,True,http://www.secp.gov.pk/ns/index.asp,Available: search by name and basic company information,,
Karachi Stock Exchange,Business Registry,Pakistan,PK,False,False,True,http://www.kse.com.pk/,Available: search by name and basic company information,,
Registro Publico,Business Registry,Panama,PA,False,True,True,https://www.registro-publico.gob.pa/,Available: search by company number (Numero de Ficha) and basic company information,,
ohuiginn.net,Scraped Database,Panama,PA,False,False,False,http://ohuiginn.net/panama,Available: search by company name or by the name of director,,
Undersecretary of State Taxation,Business Registry,Paraguay,PY,False,True,True,https://marangatu.set.gov.py/eset/perfilPublicoContribIService.do,Available: search by tax number,,
National Superindendency of Public Registries,Business Registry,Peru,PE,False,False,True,http://www.sunarp.gob.pe/RelacionS_01.asp,Available: search by name and basic company information,,
Philippine Business Registry,Business Registry,Philippines,PH,False,False,True,http://www.business.gov.ph/web/guest/search,Available: search by name and basic company information,,
Ministry of Justice,Business Registry,Poland,PL,False,False,True,https://ems.ms.gov.pl/krs/wyszukiwaniepodmiotu,Available: search only in Poland and basic company information,,
Warsaw Stock Exchange,Business Registry,Poland,PL,False,False,True,http://www.gpw.pl/lista_spolek_en,Available: search only in Poland and basic company information,,
Ministry of Justice,Business Registry,Romania,RO,False,False,True,https://portal.onrc.ro/ONRCPortalWeb/ONRCPortal.portal,,,
Registrul CNVM,Business Registry,Romania,RO,False,False,True,http://www.cnvmr.ro/RCNVM/index.htm,,,
Bucharest Stock Exchange,Business Registry,Romania,RO,False,False,True,http://www.bvb.ro/Companies/ListedCompanies.aspx,,,
Federal Tax Authority,Business Registry,Russian Federation,RU,False,False,True,http://egrul.nalog.ru/,"Available: Basic company information, Information on: representatives etc.",,
Enquiry Service of Legal Entities,Business Registry,Russian Federation,RU,True,False,False,http://russianpartner.biz/,Available: purchase of more detailed company profiles,,
Federal Service for Financial Market,Business Registry,Russian Federation,RU,False,False,True,http://www.ffms.ru/ru/contributors/financialmarket/emitters/emitterslist/,Available: a list of issuers for which the Federal Financial Markets Service is the registration authority,,
disclosure.ru,Business Registry,Russian Federation,RU,True,True,False,http://www.disclosure.ru/datacapital_tools/extsearch.jsp,Available: financial reports,,
skrin.ru,Business Registry,Russian Federation,RU,False,False,False,http://disclosure.skrin.ru/issuers.asp?id=4,Available: lists of issuers and reports for some companies,,
Central Securities Depository and Clearing House,Business Registry,Serbia,RS,False,False,True,http://www.crhov.rs/index.cfm?Opcija=1&jezik=en,Available: lists of issuers and company reports,,
Serbian Business Registers Agency,Business Registry,Serbia,RS,False,False,True,http://pretraga2.apr.gov.rs/ObjedinjenePretrage/Search/Search,Available: search in latin or cyrillic with detailed company results,,
Securities Commission,Business Registry,Serbia,RS,False,False,True,http://www.sec.gov.rs/index.php?option=com_content&task=category&sectionid=7&id=17&Itemid=56,"Available: Broker-Dealer Companies, Authorised Banks, Custody Banks, Investment Fund Management Companies, Investment Funds",,
Belgrade Stock Exchange,Business Registry,Serbia,RS,False,False,True,http://www.belex.rs/eng/clanovi/spisak_clanova,Available: lists of issuers and company reports,,
Public Procurements Registry,Business Registry,Serbia,RS,False,True,True,http://portal.ujn.gov.rs/Default.aspx,Available: all public,,
Serbian Business Registers Agency,Business Registry,Serbia,RS,False,False,True,http://pretraga.apr.gov.rs/udruzenja/AssociationSearch.aspx,Available: information on NGOs,,
Serbian Business Registers Agency,Business Registry,Serbia,RS,False,False,True,http://www.apr.gov.rs/eng/Registers/FinancialLeasing/Search.aspx,Available: search in latin or cyrillic and financial leasing information,,
Serbian Business Registers Agency,Business Registry,Serbia,RS,False,False,True,http://pretraga2.apr.gov.rs/ObjedinjenePretrage/Search/Search,Available: information on entrepreneurs and small companies,,
Serbian National Bank,Business Registry,Serbia,RS,False,False,True,http://www.nbs.rs/internet/english/index.html,Available: a list of all authorised financial institutions and companies,,
Serbian Courts Registry,Court Registry,Serbia,RS,False,False,True,http://tpson.portal.sud.rs/libra_portal_full/default.cfm,Available: search for court cases at all levels by case name or number; only available in Serbian,,
Anti-Corruption Agency Serbia,Regulatory Agency,Serbia,RS,False,False,True,http://www.acas.rs/sr_lat/aktuelnosti/114.html,Available: data on property of state officials; search available by official's name,,
"Ministry of Commerce, Industry and Labor",Business Registry,Samoa,WS,False,False,True,https://www.companies.gov.ws/,Available: search by name or company official with basic company information,,
Archive of the Economic Activities of The Republic of San Marino,Business Registry,San Marino,SM,False,False,True,https://registroimprese.cc.sm/,Available: search by company name with basic company information,,
Bizfile,Business Registry,Singapore,SG,False,False,True,https://www.psi.gov.sg/NASApp/tmf/TMFServlet?app=RCB-BIZFILE-LOGIN-1B,Available: search by company name with basic company information,,
Open Corporates,Business Registry,GLOBAL,GLOBAL,False,False,False,http://opencorporates.com/,Available: search by company name or company's official. Results list all the places where a company with a specific name is registered and a link to the relevan registry.,,
Ministry of Justice,Business Registry,Slovak Republic,SK,False,False,True,http://www.orsr.sk/default.asp?lan=en,Available: search by company name with basic company information,,
Bratislava Stock Exchange,Business Registry,Slovak Republic,SK,False,False,True,http://www.bsse.sk/bcpben/MainPage/tabid/104/language/en-US/Default.aspx,"Available: a list of issuers, basic company information and financial reprots for some",,
Central Securities Clearing Corporation,Business Registry,Slovenia,SI,False,False,True,http://www-en.kdd.si/,"Available: list of issuers, list of securities",,
Info Storage,Business Registry,Slovenia,SI,False,False,True,http://www.oam.si/default_en.aspx?doc=ISSUERS,"Available: list of issuers, list of securities with company contact information",,
Ljubljana Stock Exchange,Business Registry,Slovenia,SI,False,False,True,http://www.ljse.si/cgi-bin/jve.cgi?doc=7026,Available: search by company name with basic company information,,
AJPES,Business Registry,Slovenia,SI,False,True,True,http://www.ajpes.si/Default.asp?language=english&mdres=1,Available: search for all company types and detailed company information,,
Companies and Intellectual Property Commission,Business Registry,South Africa,ZA,False,True,True,http://www.cipro.gov.za/2/home/,Available: search for all company types and detailed company information,,
Department of Trade and Industry,Business Registry,South Africa,ZA,False,False,True,http://www.dti.gov.za/,"No online search is avalable, but per request this department could provide information on entrepreneurs, small and medium companies",,
Start-Biz,Business Registry,Republic of Korea,KR,False,False,True,http://startbiz.go.kr/EP/web/portal/jsp/EP_Default1.jsp,Available: only in Korean,,
Korea Exchange,Business Registry,Republic of Korea,KR,False,False,True,http://eng.krx.co.kr/m6/m6_1/m6_1_1/JHPENG06001_01.jsp,Available: a list of issuers with basic company information,,
Comisión Nacional del Mercado de Valores,Business Registry,Spain,ES,True,True,True,http://www.cnmv.es/Portal/Consultas/BusquedaPorEntidad.aspx,Available: detailed company information for fees between 2 and 9 Euros; All the information this public organization collects is then published in BORME - the official bulletin of the Registro Mercantil,,
Registro Mercantil Central,Business Registry,Spain,ES,True,True,True,http://www.rmc.es/Home.aspx?lang=en,Available: company search and detailed company information,,
Boletín Oficial del Estado,Gazette,Spain,ES,False,True,True,http://www.boe.es/buscar/index.php?lang=en,Available: notifications about company changes,,
Boletín Oficial del Estado,Gazette,Spain,ES,False,True,True,http://www.boe.es/diario_borme/,Available: the latest issuer of the official gazette,,
Westlaw,Court Registry,Spain,ES,False,True,True,http://www.westlaw.es/index_eng.html,"Available: only rulings can be accessed in Spain and they're redacted of the attorneys names and any personal names (which are also changed) however, company names are kept",,
General Judiciary Council,Court Registry,Spain,ES,False,True,True,http://www.poderjudicial.es/cgpj/es/Poder_Judicial,"Available: info on litigation; only rulings can be accessed in Spain and they're redacted of the attorneys names and any personal names (which are also changed) however, company names are kept",,
VLex,Commercial Register,GLOBAL,GLOBAL,True,True,False,http://vlex.com,"Available: legal documents from Spain, US, Mexico, Brazil, Colombia, Chile",,
Finansinspektionen,Business Registry,Sweden,SE,False,False,True,https://fiappl.fi.se/FinansCentralen/search/Search.aspx,"Available: annual and quarterly reports, stock-affecting information, flagging information",,
Skatteverket,Regulatory Agency,Sweden,SE,False,False,True,http://www.skatteverket.se/otherlanguages/inenglish.4.3a2a542410ab40a421c80006827.html,"Available: personal information on individuals (personal registration number, address, family members, income related to business)",,
Bolagsverket,Commercial Register,Sweden,SE,True,False,False,https://www.bolagsverket.se/ol/other/engelska-1.8229,Available: purchase of more detailed company profiles,,
Central Business Names Index,Business Registry,Switzerland,CH,False,False,True,http://www.zefix.ch/,Available: search by company name or number and detailed company information,,
Swiss Official Gazette,Gazette,Switzerland,CH,False,False,True,https://www.shab.ch/shabforms/COMMON/application/applicationGrid.jsp?newLanguage=EN,Available: information about company changes,,
Damascus Securities Exchange,Business Registry,Syrian Arab Republic,SY,False,False,True,http://www.dse.sy/user/?page=issuers_company&lang=en,Available: a list of issuers and basic company information,,
Ministry of Economy,Business Registry,Syrian Arab Republic,SY,False,False,True,http://www.syrecon.org/index.php?module=subjects&func=printsubject&subid=82&scope=page,Available: rulles and regulations for all business entities in Syria. More information could be available at request,,
Registrars of Spain,Land Registry,Spain,ES,True,True,True,http://www.registradores.org/en/index.jsp,Available: information about land and property in Spain,,
Department of Commerce,Business Registry,Taiwan,TW,False,False,True,https://gcis.nat.gov.tw/pub/cmpy/cmpyInfoListAction.do,"Available: only in Chinese (traditional Han), a search by name, English name, address or number",,
Market Observation Post System,Business Registry,Taiwan,TW,False,False,True,http://emops.twse.com.tw/emops_all.htm,Available: basic information about listed issuers,,
Stock Exchange of Thailand,Business Registry,Thailand,TH,False,False,True,http://www.set.or.th/en/company/companylist.html,Available: basic information about listed issuers,,
Ministry of Commerce,Business Registry,Thailand,TH,False,False,True,http://www.dbd.go.th/dbdweb_EN/main.php?filename=index,"Available: search by company name, type or number with basic company information",,
Companies Office,Business Registry,Kingdom of Tonga,TO,False,False,True,http://www.companies.gov.to/cms/banner_template/CNAME,Available: search by company name or number with basic company information,,
Chamber of Commerce and Industry,Business Registry,Togo,TG,False,False,True,http://www.ccit.tg/,No online search is available.,,
Companies Registry,Business Registry,Trinidad and Tobago,TT,False,False,True,https://rgd.legalaffairs.gov.tt/,Available: search by company name with basic company information,,
Trinidad and Tobago Stock Exchange,Business Registry,Trinidad and Tobago,TT,False,False,True,http://www.stockex.co.tt/controller.php?action=listed_companies,Available:a list of issuers with basic company information,,
Istanbul Precious Metals and Diamond Market,Business Registry,Turkey,TR,False,False,True,http://www.iab.gov.tr/members.asp,Available:a list of all authorised companies with basic company information,,
Central Registration System,Business Registry,Turkey,TR,False,False,True,http://mersis.gumrukticaret.gov.tr/Mersis/%C5%9EirketSorgulama.aspx,,,
Turkish Trade Registry Gazette,Gazette,Turkey,TR,False,True,True,http://www.ticaretsicil.gov.tr/english/,,,
State Enterprise Information Resource Center,Business Registry,Ukraine,UA,False,False,True,http://irc.gov.ua/ua/Poshuk-v-YeDR.html,,,
Ukrainian Stock Exchange,Business Registry,Ukraine,UA,False,False,True,http://www.ukrse.kiev.ua/eng/,Available: a list of members and basic issuers information,,
The State Commission for Regulations of Financial Services Markets,Regulatory Agency,Ukraine,UA,False,False,True,http://dfp.gov.ua/413.html,"Available: a registry of all participants on financial market, auditors, banks, comissions, etc.",,
Ukrainian Public Procurement,Regulatory Agency,Ukraine,UA,False,False,True,https://tender.me.gov.ua/EDZFrontOffice/menu/en/;jsessionid=e6587fd4a2ef4f1a77b7f2e99f2a,Available: a registry of all public procurements,,
Unified State Register of Court Decisions,Court Registry,Ukraine,UA,False,False,True,http://www.reyestr.court.gov.ua/,"Available: state court rulings available for search by: name, case number, court code",,
Unified Register of Non-Government Organizations,Business Registry,Ukraine,UA,False,False,True,http://rgf.informjust.ua/home/index,,,
Ministry of Economy,Business Registry,United Arab Emirates,AE,False,False,True,http://cbls.economy.gov.ae/,Available: search by Arabic or English name and basic company information,,
Dubai Financial Services Authority,Business Registry,United Arab Emirates,AE,False,False,True,http://www.dfsa.ae/PublicReqister/Default.aspx,Available: a registry of participants on financial market,,
Abu Dhabi Securities Exchange,Business Registry,United Arab Emirates,AE,False,False,True,http://www.adx.ae/English/Securities/Pages/ListedCompanies.aspx,Available: a registry of participants on the market,,
Abu Dhabi Chamber of Commerce,Business Registry,United Arab Emirates,AE,False,False,True,https://business.abudhabi.ae/egovPoolPortal_WAR/appmanager/ADeGP/Business?_nfpb=true&_pageLabel=P2800547921215097790384&lang=en,Available: search by English name and basic company information,,
Abu Dhabi Business Center,Business Registry,United Arab Emirates,AE,False,False,True,https://adbc.abudhabi.ae/CitizenAccess/Cap/CapHome.aspx?module=Licenses&TabName=LICENSES&FilterName=TRADENAME#SearchLicenses,Available: search for business licence by Number,,
Abu Dhabi Commercial Directory,Business Registry,United Arab Emirates,AE,False,False,True,https://online.abudhabichamber.ae/aspApp2012/online_information/adcd/g_search2.asp?P=0,"Available: search by name, phone number, email address or key word",,
Ajman Free Zone Authority,Business Registry,United Arab Emirates,AE,False,True,True,http://www.afza.gov.ae/en/index.php?option=com_content&view=article&id=193&Itemid=267,,,
Dubai Department of Economic Development,Business Registry,United Arab Emirates,AE,False,True,True,http://www.dubaided.gov.ae/eServices/Pages/Anon/TNSrch.aspx?PID=10106&LID=&sname=Search_Trade_Names,Available; trade name search in Arabic only,,
Dubai Chamber of Commerce,Business Registry,United Arab Emirates,AE,False,False,True,"http://www.dubaichamber.ae/portal/page?_pageid=53,3213,53_3170&_dad=portal&_schema=PORTAL",Available; trade name search in English and a directory of companies,,
Dubai International Financial Centre,Business Registry,United Arab Emirates,AE,False,False,True,http://www.difc.ae/browse-directory,Available: directory of clients,,
Dubai Jebel Ali Freezone,Business Registry,United Arab Emirates,AE,False,False,True,http://eservices.dubaitrade.ae/clientdirectory/clientsSearch.do,Available: directory of clients,,
Dubai Airport Freezone,Business Registry,United Arab Emirates,AE,False,False,True,http://dafz-directory.com/,Available: directory of clients,,
Fujairah Ali Freezone,Business Registry,United Arab Emirates,AE,False,False,True,http://www.fujairahfreetradezone.com/appdir/company-listing.php,Available: directory of clients,,
Sharajah Chamber of Commerce and Industry,Business Registry,United Arab Emirates,AE,False,False,True,http://www.sharjah.gov.ae/EN/Services/Pages/BusinessDirectory.aspx,Available: directory of registered companies,,
Hamriyah Freezone Authority,Business Registry,United Arab Emirates,AE,False,False,True,http://www.hfza.ae/en-us/directory.aspx,Available: directory of registered companies,,
Companies House,Business Registry,United Kingdom,UK,True,False,True,http://www.companieshouse.co.uk/,Available: active and dissolved companies search with detailed historical company information and original documents,,
The Financial Services Register,Regulatory Agency,United Kingdom,UK,False,False,True,http://www.fsa.gov.uk/register/psdFirmSearchForm.do,"Available: all companies authorised to carry out payment services, credit card issuers and merchant acquirers",,
London Stock Exchange,Business Registry,United Kingdom,UK,False,False,True,http://www.londonstockexchange.com/prices-and-markets/markets/prices.htm,"Available: list of issuers, detailed company information and reports",,
DueDil,Commercial Register,United Kingdom,UK,False,True,False,https://www.duedil.com/,Available: active and dissolved companies search with detailed information on directors and financials. For most companies current shareholder is also available. Original documents are also available for purchase.,,
NYSE Euronext,Business Registry,United States of America,US,False,False,False,http://www.nyse.com/bonds/nysebonds/1176331077609.html,Available: list of bonds and detailed information about them,,
Chicago Stock Exchange,Business Registry,United States of America,US,False,False,False,http://www.chx.com/content/Trading_Information/TI_tape_A.asp,"Available: traded issues (Tape A, Tape B, Tape C); symbol, issue name, listing market, tape",,
United States Securities and Exchange Commission,Business Registry,United States of America,US,True,True,True,https://www.sec.gov/edgar/searchedgar/companysearch.html,Available: all SEC filings of companies,,
Arkansas Secretary of State,Business Registry,United States of America,US,False,False,True,http://www.sos.arkansas.gov/corps/search_all.php,Available: search for company name or fictitious name with basic company information,,
Alabama Secretary of State,Business Registry,United States of America,US,False,False,True,http://www.sos.alabama.gov/vb/inquiry/inquiry.aspx?area=Business%20Entity,Available: search for company name or number with basic company information,,
"Alaska Dept. of Commerce, Community, and Economic Development",Business Registry,United States of America,US,False,False,True,http://commerce.alaska.gov/CBP/Main/SearchInfo.aspx,Available: search for company name or number with basic company information,,
Arizona Corporation Commission,Business Registry,United States of America,US,False,False,True,http://starpas.azcc.gov/scripts/cgiip.exe/WService=wsbroker1/connect.p?app=names-report.p,Available: search for company name or number with basic company information,,
California Secretary of State,Business Registry,United States of America,US,False,False,True,http://kepler.sos.ca.gov/,Available: search for company name or number with basic company information,,
Colorado Secretary of State,Business Registry,United States of America,US,False,False,True,http://www.sos.state.co.us/biz/BusinessEntityCriteriaExt.do,Available: search for company name or number with basic company information,,
Connecticut Secretary of State,Business Registry,United States of America,US,False,False,True,http://www.concord-sots.ct.gov/CONCORD/online?sn=InquiryServlet&eid=99,Available: search for company name or number with basic company information,,
Delaware Secretary of State,Business Registry,United States of America,US,False,False,True,https://delecorp.delaware.gov/tin/GINameSearch.jsp,Available: search for company name or number with basic company information,,
District of Columbia Corporations Division,Business Registry,United States of America,US,False,True,True,https://corp.dcra.dc.gov/Account.aspx/LogOn?ReturnUrl=%2f,Available: search for company name or number with basic company information,,
Florida Department of State,Business Registry,United States of America,US,False,False,True,http://www.sunbiz.org/,Available: search for company name or number with basic company information,,
Georgia Secretary of State,Business Registry,United States of America,US,False,False,True,http://www.sos.ga.gov/corporations/,Available: search for company name or number with basic company information,,
Hawaii Dept. of Commerce and Consumer Affairs,Business Registry,United States of America,US,False,False,True,https://hbe.ehawaii.gov/documents/search.html,Available: search for company name or number with basic company information,,
Idaho Secretary of State,Business Registry,United States of America,US,False,False,True,http://www.accessidaho.org/public/sos/corp/search.html,Available: search for company name or number with basic company information,,
Illinois Secretary of State,Business Registry,United States of America,US,False,False,True,https://www.cyberdriveillinois.com/departments/business_services/corp.html,Available: search for company name or number with basic company information,,
Indiana Secretary of State,Business Registry,United States of America,US,False,False,True,https://secure.in.gov/sos/online_corps/name_search.aspx,Available: search for company name or number with basic company information,,
Iowa Secretary of State,Business Registry,United States of America,US,False,False,True,https://sos.iowa.gov/search/business/(S(k0soxffnslki2tbo44kxg545))/search.aspx,Available: search for company name or number with basic company information,,
Kansas Secretary of State,Business Registry,United States of America,US,False,False,True,https://www.kansas.gov/bess/flow/main?execution=e1s1,Available: search for company name or number with basic company information,,
Kentucky Secretary of State,Business Registry,United States of America,US,False,False,True,https://app.sos.ky.gov/ftsearch/,Available: search for company name or number with basic company information,,
Louisiana Secretary of State,Business Registry,United States of America,US,False,False,True,http://www.sos.la.gov/BusinessServices/SearchForLouisianaBusinessFilings/Pages/default.aspx,Available: search for company name or number with basic company information,,
Maine Secretary of State,Business Registry,United States of America,US,False,False,True,https://icrs.informe.org/nei-sos-icrs/ICRS?MainPage,Available: search for company name or number with basic company information,,
Maryland Dept. of Assesments and Taxation,Business Registry,United States of America,US,False,False,True,http://sdatcert3.resiusa.org/UCC-Charter/CharterSearch_f.aspx,Available: search for company name or number with basic company information,,
Massachusetts Secretary of the Commonwealth,Business Registry,United States of America,US,False,False,True,https://corp.sec.state.ma.us/corpweb/CorpSearch/CorpSearch.aspx,Available: search for company name or number with basic company information,,
Michigan Dept. of Licensing and Regulatory Affairs,Business Registry,United States of America,US,False,False,True,http://www.dleg.state.mi.us/bcs_corp/sr_corp.asp,Available: search for company name or number with basic company information,,
Minnesota Secretary of State,Business Registry,United States of America,US,False,False,True,http://mblsportal.sos.state.mn.us/,Available: search for company name or number with basic company information,,
Mississippi Secretary of State,Business Registry,United States of America,US,False,False,True,https://business.sos.state.ms.us/corp/soskb/csearch.asp,Available: search for company name or number with basic company information,,
Missouri Secretary of State,Business Registry,United States of America,US,False,False,True,https://www.sos.mo.gov/BusinessEntity/soskb/csearch.asp,Available: search for company name or number with basic company information,,
Montana Secretary of State,Business Registry,United States of America,US,False,False,True,https://app.mt.gov/bes/,Available: search for company name or number with basic company information,,
Nebraska Secretary of State,Business Registry,United States of America,US,False,False,True,https://www.nebraska.gov/sos/corp/corpsearch.cgi,Available: search for company name or number with basic company information,,
Nevada Secretary of State,Business Registry,United States of America,US,False,False,True,https://nvsos.gov/sosentitysearch/,Available: search for company name or number with basic company information,,
New Hampshire Secretary of State,Business Registry,United States of America,US,False,False,True,https://www.sos.nh.gov/corporate/soskb/csearch.asp,Available: search for company name or number with basic company information,,
New Jersey Division of Revenue and Enterprise Services,Business Registry,United States of America,US,False,False,True,https://www.njportal.com/DOR/businessrecords/,Available: search for company name or number with basic company information,,
New Mexico Secretary of State,Business Registry,United States of America,US,False,False,True,https://portal.sos.state.nm.us/corps/Corplookup/Lookdn.aspx?AspxAutoDetectCookieSupport=1,Available: search for company name or number with basic company information,,
New York Secretary of State,Business Registry,United States of America,US,False,False,True,http://www.dos.ny.gov/corps/bus_entity_search.html,Available: search for company name or number with basic company information,,
North Carolina Secretary of State,Business Registry,United States of America,US,False,False,True,https://www.secretary.state.nc.us/corporations/CSearch.aspx,Available: search for company name or number with basic company information,,
North Dakota Secretary of State,Business Registry,United States of America,US,False,False,True,https://apps.nd.gov/sc/busnsrch/busnSearch.htm,Available: search for company name or number with basic company information,,
Ohio Secretary of State,Business Registry,United States of America,US,False,False,True,http://www2.sos.state.oh.us/pls/bsqry/f?p=100:1:0:::::,Available: search for company name or number with basic company information,,
Oklahoma Secretary of State,Business Registry,United States of America,US,False,False,True,https://www.sos.ok.gov/corp/corpInquiryFind.aspx,Available: search for company name or number with basic company information,,
Oregon Secretary of State,Business Registry,United States of America,US,False,False,True,http://egov.sos.state.or.us/br/pkg_web_name_srch_inq.login,Available: search for company name or number with basic company information,,
Pennsylvania Department of State,Business Registry,United States of America,US,False,False,True,https://www.corporations.state.pa.us/corp/soskb/csearch.asp,Available: search for company name or number with basic company information,,
Rhode Island Secretary of State,Business Registry,United States of America,US,False,False,True,http://ucc.state.ri.us/CorpSearch/CorpSearchInput.asp,Available: search for company name or number with basic company information,,
South Carolina Secretary of State,Business Registry,United States of America,US,False,False,True,http://www.sos.sc.gov/Search%20Business%20Filings,Available: search for company name or number with basic company information,,
South Dakota Secretary of State,Business Registry,United States of America,US,False,False,True,https://sdsos.gov/Business/Search.aspx,Available: search for company name or number with basic company information,,
Tennessee Secretary of State,Business Registry,United States of America,US,False,False,True,https://tnbear.tn.gov/ECommerce/FilingSearch.aspx,Available: search for company name or number with basic company information,,
Texas Comptroller of Public Accounts,Business Registry,United States of America,US,False,True,True,https://ourcpa.cpa.state.tx.us/coa/Index.html,Available: search for company name or number with basic company information,,
Utah Division of Corporations and Commercial Code,Business Registry,United States of America,US,False,False,True,https://secure.utah.gov/bes/,Available: search for company name or number with basic company information,,
Vermont Secretary of State,Business Registry,United States of America,US,False,False,True,http://corps.sec.state.vt.us/corpbrow.aspx,Available: search for company name or number with basic company information,,
Virginia State Corporation Cimmission,Business Registry,United States of America,US,False,False,True,https://sccefile.scc.virginia.gov/Find/Business,Available: search for company name or number with basic company information,,
Washington Secretary of State,Business Registry,United States of America,US,False,False,True,https://www.sos.wa.gov/corps/corps_search.aspx,Available: search for company name or number with basic company information,,
West Virginia Secretary of State,Business Registry,United States of America,US,False,False,True,http://apps.sos.wv.gov/business/corporations/index.aspx,Available: search for company name or number with basic company information,,
Wisconsin Dept. of Financial Institutions,Business Registry,United States of America,US,False,False,True,https://www.wdfi.org/apps/CorpSearch/Search.aspx,Available: search for company name or number with basic company information,,
Wyoming Secretary of State,Business Registry,United States of America,US,False,False,True,https://wyobiz.wy.gov/Business/FilingSearch.aspx,Available: search for company name or number with basic company information,,
Registry of Corporations,Business Registry,Purerto Rico,PR,False,False,True,https://prcorpfiling.f1hst.com/CorporationSearch.aspx,Available: search for company name or number with basic company information,,
Department of Licensing and Consumer Affairs,Business Registry,U.S. Virgin Islands,VI,False,False,True,https://secure.dlca.vi.gov/license/Asps/Search/License_search.aspx,Available: search for company name or number with basic company information,,
General Directorate of Registries,Business Registry,Uruguay,UY,False,False,True,http://www.dgr.gub.uy/,No online search is avalable but information could be obtained at request,,
Directory of Exporters,Business Registry,Venezuela,VE,False,False,True,http://www.venexport.com/index2-es.html,Available: a directory of exporting companies,,
National Procurement Service,Business Registry,Venezuela,VE,False,True,True,http://rncenlinea.snc.gob.ve/reportes/consulta_publica?p=1,Available: a directory of government procurements,,
Registrar of Companies,Business Registry,Israel,IL,True,True,True,http://ecom.gov.il/Counter/alternative/cde/CdeInputPage.aspx?counter=20&catalog=1&category=companyextract&language=he,Available: search only by company number with detailed company information available,,
Israely Corpration Authority,Business Registry,Israel,IL,False,False,True,http://havarot.justice.gov.il/,Available: search by company name to find the company number needed for futher research,,
Israely Corpration Authority,Business Registry,Israel,IL,False,False,True,https://nesach.justice.gov.il/mashkonot/forms/fMashIyunMishkun.aspx,,,
Government of Portugal,Business Registry,Portugal,PT,False,False,True,https://www.portaldaempresa.pt/CVE/Services/Online/Pedidos.aspx?service=PNS,,,
Hong Kong Government,Business Registry,Hong Kong,HK,True,True,True,http://www.gov.hk/en/residents/taxes/etax/services/brn_enquiry.htm,"Available: a procedure for obtaining information about ""unlimited"" companies in Hong Kong",,
Istanbul Chamber of Commerce,Business Registry,Turkey,TR,False,False,True,http://www.ito.org.tr/wps/portal/bilgi-bankasi/detay/?page=fb/sk/tug&prmPageId=BM1.1.3&initView=true,"Available: basic company information, directors, owners, previous owners, list of notifications published in gazette, whole profile available for download in PDF format",,
Visual Business Register,Business Registry,Slovak Republic,SK,False,False,True,http://vorsr.sk/en/,Available: inphographic like registry of Slovak and Czech Republics,,
Datanest,Commercial Register,Slovak Republic,SK,False,False,False,http://datanest.fair-play.sk/en/pages/index,"database with diverse information about the functioning of Slovakia: the governments, bureaus, political parties, economy, but also the relations between the various subjects operating in the country",,
Ministry of Industry,Business Registry,Nepal,NP,False,False,True,http://www.ocr.gov.np/index.php/en/,,,
Court of company registrations,Business Registry,Hungary,HU,False,False,True,http://www.e-cegjegyzek.hu/index.html,Available in Hungarian only,,
Liberia Business Registry,Business Registry,Liberia,LR,False,False,True,http://www.lbr.gov.lr/inf/Public/Products/NameSearch.aspx,Available: search by company name and basic company information,,
The Online Registry of The Gambia,Business Registry,Gambia,GM,False,True,True,http://www.icommerceregistry.com/,,,
Fiji Government,Business Registry,Fiji,FJ,True,True,True,https://www.egov.gov.fj/g2b/Commerce/default.aspx,,,
Office of the Registrar,Business Registry,Republic of Bangladesh,BD,False,False,True,http://www.roc.gov.bd:7781/psp/nc_search?p_user_id=,Available: basic information on joint stock and limited companies,,
Ministry of Industry and Commerce,Business Registry,Kingdom of Bahrain,BH,False,False,True,http://www.moic.gov.bh/MoIC/En/Main/eServices/Commercial+Registration+Inquiry/,,,
Kosovo Business Registration Agency,Business Registry,Republic of Kosovo,KV,False,False,True,http://www.arbk.org/en/Home,"Available: search by company name, company number or owners personal ID",,
Ministry of Industry and Trade,Business Registry,Yemen,YE,False,False,True,http://www.moit.gov.ye/search/,Available only in Arabic,,
Registry of Commerce,Business Registry,Tunisia,TN,False,False,True,http://www.registre-commerce.tn/search/RCCSearch.do?action=getPage&rg_type=PM&search_mode=NORMAL,,,
Business Registration and Licensing Agency,Business Registry,Tanzania,TZ,False,False,True,http://www.brela-tz.org/?section=companies&page=search,,,
Ministry of Commerce,Business Registry,Algeria,DZ,False,False,True,http://sidjilcom.cnrc.dz/portal/public/classic/id_rech_denom,,,
Ministry of Justice and Human Rigths,Business Registry,Argentina,AR,False,False,True,https://www2.jus.gov.ar/igj-homonimia/Principal.aspx,,,
Ministry of Justice,Business Registry,Belarus,BY,False,False,True,http://egr.minjust.by/,Available only in Russian,,
Commercial Registry of São Paulo,Business Registry,Brazil,BR,False,False,True,http://www.jucesp.fazenda.sp.gov.br/,Available only in Portuguese,,
Government of Alagoas,Business Registry,Brazil,BR,False,False,True,http://www.facilita.al.gov.br/consultaprevia,Available only in Portuguese,,
Commercial Registry of Amapá,Business Registry,Brazil,BR,False,False,True,http://www.jucap.ap.gov.br/,Available only in Portuguese,,
Commercial Registry of Bahia,Business Registry,Brazil,BR,True,False,True,http://www.juceb.ba.gov.br/servicos/pesquisa_nome_empresarial,Available only in Portuguese,,
Commercial Registry of Espírito Santo,Business Registry,Brazil,BR,False,True,True,https://www.jucees.es.gov.br/#informacoes_buscaNire.php,Available only in Portuguese,,
Commercial Registry of Mato Grosso,Business Registry,Brazil,BR,False,False,True,http://www.jucemat.mt.gov.br/,Available only in Portuguese,,
Commercial Registry of Pará,Business Registry,Brazil,BR,False,False,True,http://www.jucepa.pa.gov.br/so_consnire.asp,Available only in Portuguese,,
Commercial Registry of Pernambuco,Business Registry,Brazil,BR,False,False,True,http://iged.jucepe.pe.gov.br:8081/,Available only in Portuguese,,
Commercial Registry of Santa Catarina,Business Registry,Brazil,BR,False,True,True,http://www.jucesc.sc.gov.br/index.php/pesquisa-de-nome,Available only in Portuguese,,
